{
	"format_version": "1.8.0",
	"animations": {
		"empty_run": {
			"loop": true,
			"animation_length": 0.6667,
			"bones": {
				"body": {
					"rotation": [50.1762, 1.4753, -0.1402],
					"position": [0, -2, 0],
					"scale": 1
				},
				"rightArm": {
					"rotation": {
						"0.0": [31, 0, 0],
						"0.3333": [34.25, 0, 0],
						"0.6667": [31, 0, 0]
					},
					"position": {
						"0.0": [0, 0, 0],
						"0.3333": [0, 0, 0]
					},
					"scale": 1
				},
				"leftArm": {
					"rotation": {
						"0.0": [31.75, 0, 0],
						"0.3333": [33.5, 0, 0],
						"0.6667": [31.75, 0, 0]
					},
					"position": {
						"0.0": [0, 0, 0],
						"0.3333": [0, 0, 0]
					},
					"scale": 1
				},
				"rightLeg": {
					"rotation": {
						"0.0": [-3.75, 0, 0],
						"0.0833": [31.25, 0, 0],
						"0.1667": [63.25, 0, 0],
						"0.25": [49.75, 0, 0],
						"0.3333": [30, 0, 0],
						"0.4167": [-100.75, 0, 0],
						"0.5": [-32, 0, 0],
						"0.5833": [-16, 0, 0],
						"0.6667": [-3.75, 0, 0]
					},
					"position": {
						"0.0": [0.0191, 0.37088, -0.76499],
						"0.0833": [0.07628, 1.66521, -2.71892],
						"0.1667": [0.08667, 0.28002, -5.20667],
						"0.25": [0.19464, 3.78331, -7.25243],
						"0.3333": [0.23832, 6.72462, -6.255],
						"0.4167": [0.06143, 1.77791, -1.26005],
						"0.5": [0.1261, 4.60239, -1.66044],
						"0.5833": [0.09746, 2.94862, -1.84542],
						"0.6667": [0.0191, 0.37088, -0.76499]
					},
					"scale": 1
				},
				"leftLeg": {
					"rotation": {
						"0.0": [24, 0, 0],
						"0.0833": [-97.5, 0, 0],
						"0.1667": [-34.5, 0, 0],
						"0.25": [-23, 0, 0],
						"0.3333": [-6.25, 0, 0],
						"0.4167": [21.25, 0, 0],
						"0.5": [60.25, 0, 0],
						"0.5833": [67, 0, 0],
						"0.6667": [24, 0, 0]
					},
					"position": {
						"0.0": [0.18323, 5.26537, -4.84637],
						"0.0833": [0.04483, 1.23924, -1.48886],
						"0.1667": [0.13853, 5.38395, -2.17867],
						"0.25": [0.06105, 2.33064, -1.23223],
						"0.3333": [0.01237, 0.90964, -0.0456],
						"0.4167": [0.08817, 2.26219, -3.42359],
						"0.5": [0.08138, 0.00267, -6.1274],
						"0.5833": [0.10124, 0.33559, -7.09342],
						"0.6667": [0.18323, 5.26537, -4.84637]
					},
					"scale": 1
				}
			}
		}
	}
}