{
  "format_version": "1.8.0",
  "animations": {
    "kunai_dash": {
      "loop": false,
      "animation_length": 0.3333,
      "bones": {
        "body": {
          "rotation": [50.1762, 1.4753, -0.1402],
          "position": [0, -2, 0],
          "scale": 1
        },
        "rightArm": {
          "rotation": {
            "0.0": [27.5, 180, -90]
          },
          "position": {
            "0.0": [3, -0.8, -2.8]
          },
          "scale": 1
        },
        "rightItem": {
          "rotation": {
            "0.0": [0, 90, 180]
          },
          "scale": 1
        },
        "leftArm": {
          "rotation": {
            "0.0": [31.75, 0, 0]
          },
          "position": {
            "0.0": [0, 0, 0]
          },
          "scale": 1
        },
        "rightLeg": {
          "rotation": {
            "0.0": [-3.75, 0, 0],
            "0.3333": [-3.75, 0, 0]
          },
          "position": {
            "0.0": [0.0191, 0.37088, -0.76499],
            "0.3333": [0.0191, 0.37088, -0.76499]
          },
          "scale": 1
        },
        "leftLeg": {
          "rotation": {
            "0.0": [24, 0, 0],
            "0.3333": [24, 0, 0]
          },
          "position": {
            "0.0": [0.18323, 5.26537, -4.84637],
            "0.3333": [0.18323, 5.26537, -4.84637]
          },
          "scale": 1
        }
      }
    }
  }
}